,name,lat,lon,population,country
0,Tokyo,35.685,139.7514,35676.0,Japan
1,New York,40.6943,-73.9249,19354.922,United States
2,Mexico City,19.4424,-99.131,19028.0,Mexico
3,Mumbai,19.017,72.857,18978.0,India
4,Sao Paulo,-23.5587,-46.625,18845.0,Brazil
5,Delhi,28.67,77.23,15926.0,India
6,Shanghai,31.2165,121.4365,14987.0,China
7,Kolkata,22.495,88.3247,14787.0,India
8,Los Angeles,34.1139,-118.4068,12815.475,United States
9,Dhaka,23.7231,90.4086,12797.394,Bangladesh
10,Buenos Aires,-34.6025,-58.3975,12795.0,Argentina
11,Karachi,24.87,66.99,12130.0,Pakistan
12,Cairo,30.05,31.25,11893.0,Egypt
13,Rio de Janeiro,-22.925,-43.225,11748.0,Brazil
14,Osaka,34.75,135.4601,11294.0,Japan
15,Beijing,39.9289,116.3883,11106.0,China
16,Manila,14.6042,120.9822,11100.0,Philippines
17,Moscow,55.7522,37.6155,10452.0,Russia
18,Istanbul,41.105,29.01,10061.0,Turkey
19,Paris,48.8667,2.3333,9904.0,France
20,Seoul,37.5663,126.9997,9796.0,"Korea, South"
21,Lagos,6.4433,3.3915,9466.0,Nigeria
22,Jakarta,-6.1744,106.8294,9125.0,Indonesia
23,Guangzhou,23.145,113.325,8829.0,China
24,Chicago,41.8373,-87.6862,8675.982,United States
25,London,51.5,-0.1167,8567.0,United Kingdom
26,Lima,-12.048,-77.0501,8012.0,Peru
27,Tehran,35.6719,51.4243,7873.0,Iran
28,Kinshasa,-4.3297,15.315,7843.0,Congo (Kinshasa)
29,Bogota,4.5964,-74.0833,7772.0,Colombia
30,Shenzhen,22.5524,114.1221,7581.0,China
31,Wuhan,30.58,114.27,7243.0,China
32,Hong Kong,22.305,114.185,7206.0,Hong Kong
33,Tianjin,39.13,117.2,7180.0,China
34,Chennai,13.09,80.28,7163.0,India
35,Taipei,25.0358,121.5683,6900.273,Taiwan
36,Bengaluru,12.97,77.56,6787.0,India
37,Bangkok,13.75,100.5166,6704.0,Thailand
38,Lahore,31.56,74.35,6577.0,Pakistan
39,Chongqing,29.565,106.595,6461.0,China
40,Miami,25.7839,-80.2102,6381.966,United States
41,Hyderabad,17.4,78.48,6376.0,India
42,Dallas,32.7936,-96.7662,5733.259,United States
43,Santiago,-33.45,-70.667,5720.0,Chile
44,Philadelphia,40.0077,-75.1339,5637.884,United States
45,Belo Horizonte,-19.915,-43.915,5575.0,Brazil
46,Madrid,40.4,-3.6834,5567.0,Spain
47,Houston,29.7869,-95.3905,5446.468,United States
48,Ahmadabad,23.0301,72.58,5375.0,India
49,Ho Chi Minh City,10.78,106.695,5314.0,Vietnam
50,Washington,38.9047,-77.0163,5289.42,United States
51,Atlanta,33.7627,-84.4225,5228.75,United States
52,Toronto,43.7,-79.42,5213.0,Canada
53,Singapore,1.293,103.8558,5183.7,Singapore
54,Luanda,-8.8383,13.2344,5172.9,Angola
55,Baghdad,33.3386,44.3939,5054.0,Iraq
56,Barcelona,41.3833,2.1834,4920.0,Spain
57,Haora,22.5804,88.3299,4841.638,India
58,Shenyang,41.805,123.45,4787.0,China
59,Khartoum,15.5881,32.5342,4754.0,Sudan
60,Pune,18.53,73.85,4672.0,India
61,Boston,42.3188,-71.0846,4637.537,United States
62,Sydney,-33.92,151.1852,4630.0,Australia
63,Saint Petersburg,59.939,30.316,4553.0,Russia
64,Chittagong,22.33,91.8,4529.0,Bangladesh
65,Dongguan,23.0489,113.7447,4528.0,China
66,Riyadh,24.6408,46.7727,4465.0,Saudi Arabia
67,Hanoi,21.0333,105.85,4378.0,Vietnam
68,Guadalajara,20.67,-103.33,4198.0,Mexico
69,Melbourne,-37.82,144.975,4170.0,Australia
70,Alexandria,31.2,29.95,4165.0,Egypt
71,Chengdu,30.67,104.07,4123.0,China
72,Rangoon,16.7834,96.1667,4088.0,Burma
73,Phoenix,33.5722,-112.0891,4081.849,United States
74,Xi'an,34.275,108.895,4009.0,China
75,Porto Alegre,-30.05,-51.2,3917.0,Brazil
76,Surat,21.2,72.84,3842.0,India
77,Hechi,23.0965,109.6091,3830.0,China
78,Abidjan,5.32,-4.04,3802.0,Côte D’Ivoire
79,Brasilia,-15.7833,-47.9161,3716.996,Brazil
80,Ankara,39.9272,32.8644,3716.0,Turkey
81,Monterrey,25.67,-100.33,3712.0,Mexico
82,Yokohama,35.32,139.58,3697.894,Japan
83,Nanjing,32.05,118.78,3679.0,China
84,Montreal,45.5,-73.5833,3678.0,Canada
85,Guiyang,26.58,106.72,3662.0,China
86,Recife,-8.0756,-34.9156,3651.0,Brazil
87,Seattle,47.6211,-122.3244,3643.765,United States
88,Harbin,45.75,126.65,3621.0,China
89,San Francisco,37.7562,-122.443,3603.761,United States
90,Fortaleza,-3.75,-38.58,3602.319,Brazil
91,Zhangzhou,24.5204,117.67,3531.147,China
92,Detroit,42.3834,-83.1024,3522.206,United States
93,Salvador,-12.97,-38.48,3484.0,Brazil
94,Busan,35.0951,129.01,3480.0,"Korea, South"
95,Johannesburg,-26.17,28.03,3435.0,South Africa
96,Berlin,52.5218,13.4015,3406.0,Germany
97,Algiers,36.7631,3.0506,3354.0,Algeria
98,Rome,41.896,12.4833,3339.0,Italy
99,Pyongyang,39.0194,125.7547,3300.0,"Korea, North"
100,Medellin,6.275,-75.575,3297.0,Colombia
101,Kabul,34.5167,69.1833,3277.0,Afghanistan
102,Athens,37.9833,23.7333,3242.0,Greece
103,Nagoya,35.155,136.915,3230.0,Japan
104,Cape Town,-33.92,18.435,3215.0,South Africa
105,San Diego,32.8312,-117.1225,3210.314,United States
106,Changchun,43.865,125.34,3183.0,China
107,Casablanca,33.6,-7.6164,3181.0,Morocco
108,Dalian,38.9228,121.6298,3167.0,China
109,Cawnpore,26.46,80.32,3162.0,India
110,Kano,12.0,8.52,3140.0,Nigeria
111,Tel Aviv-Yafo,32.08,34.77,3112.0,Israel
112,Addis Ababa,9.0333,38.7,3100.0,Ethiopia
113,Curitiba,-25.42,-49.32,3084.0,Brazil
114,Zibo,36.8,118.05,3061.0,China
115,Jeddah,21.5169,39.2192,3012.0,Saudi Arabia
116,Nairobi,-1.2833,36.8167,3010.0,Kenya
117,Hangzhou,30.25,120.17,3007.0,China
118,Benoni,-26.1496,28.3299,2986.0,South Africa
119,Caracas,10.501,-66.917,2985.0,Venezuela
120,Milan,45.47,9.205,2945.0,Italy
121,Stuttgart,48.78,9.2,2944.7,Germany
122,Kunming,25.07,102.68,2931.0,China
123,Dar es Salaam,-6.8,39.2683,2930.0,Tanzania
124,Minneapolis,44.9635,-93.2678,2926.757,United States
125,Jaipur,26.9211,75.81,2917.0,India
126,Taiyuan,37.875,112.5451,2913.0,China
127,Frankfurt,50.1,8.675,2895.0,Germany
128,Qingdao,36.09,120.33,2866.0,China
129,Surabaya,-7.2492,112.7508,2845.0,Indonesia
130,Lisbon,38.7227,-9.1449,2812.0,Portugal
131,Tampa,27.9942,-82.4451,2804.24,United States
132,Jinan,36.675,116.995,2798.0,China
133,Fukuoka,33.595,130.41,2792.0,Japan
134,Campinas,-22.9,-47.1,2791.0,Brazil
135,Denver,39.7621,-104.8759,2787.266,United States
136,Kaohsiung,22.6333,120.2666,2769.072,Taiwan
137,Quezon City,14.6504,121.03,2761.72,Philippines
138,Katowice,50.2604,19.02,2746.0,Poland
139,Aleppo,36.23,37.17,2738.0,Syria
140,Durban,-29.865,30.98,2729.0,South Africa
141,Kyiv,50.4334,30.5166,2709.0,Ukraine
142,Lucknow,26.855,80.915,2695.0,India
143,Giza,30.01,31.19,2681.863,Egypt
144,Zhengzhou,34.755,113.6651,2636.0,China
145,Taichung,24.1521,120.6817,2629.323,Taiwan
146,Brooklyn,40.6501,-73.9496,2629.15,United States
147,Ibadan,7.38,3.93,2628.0,Nigeria
148,Faisalabad,31.41,73.11,2617.0,Pakistan
149,Fuzhou,26.08,119.3,2606.0,China
150,Changsha,28.2,112.97,2604.0,China
151,Dakar,14.7158,-17.4731,2604.0,Senegal
152,Izmir,38.4361,27.1518,2587.0,Turkey
153,Xiangtan,27.8504,112.9,2586.948,China
154,Lanzhou,36.056,103.792,2561.0,China
155,Incheon,37.4761,126.6422,2550.0,"Korea, South"
156,Sapporo,43.075,141.34,2544.0,Japan
157,Xiamen,24.45,118.08,2519.0,China
158,Guayaquil,-2.22,-79.92,2514.0,Ecuador
159,George Town,5.4136,100.3294,2500.0,Malaysia
160,Mashhad,36.27,59.57,2469.0,Iran
161,Damascus,33.5,36.3,2466.0,Syria
162,Daegu,35.8668,128.607,2460.0,"Korea, South"
163,Nagpur,21.17,79.09,2454.0,India
164,Lianshan,40.7503,120.83,2426.0,China
165,Shijiazhuang,38.05,114.48,2417.0,China
166,Tunis,36.8028,10.1797,2412.5,Tunisia
167,Vienna,48.2,16.3666,2400.0,Austria
168,Jilin,43.85,126.55,2396.0,China
169,Omdurman,15.6167,32.48,2395.159,Sudan
170,Bandung,-6.95,107.57,2394.0,Indonesia
171,Bekasi,-6.2173,106.9723,2378.211,Indonesia
172,Mannheim,49.5004,8.47,2362.0,Germany
173,Nanchang,28.68,115.88,2350.0,China
174,Wenzhou,28.02,120.6501,2350.0,China
175,Queens,40.7498,-73.7976,2333.054,United States
176,Vancouver,49.2734,-123.1216,2313.328,Canada
177,Birmingham,52.475,-1.92,2285.0,United Kingdom
178,Cali,3.4,-76.5,2254.0,Colombia
179,Naples,40.84,14.245,2250.0,Italy
180,Sendai,38.2871,141.0217,2250.0,Japan
181,Manchester,53.5004,-2.248,2230.0,United Kingdom
182,Puebla,19.05,-98.2,2195.0,Mexico
183,Tripoli,32.8925,13.18,2189.0,Libya
184,Tashkent,41.3117,69.2949,2184.0,Uzbekistan
185,Havana,23.132,-82.3642,2174.0,Cuba
186,Gaoping,30.7804,106.13,2174.0,China
187,Baltimore,39.3051,-76.6144,2170.504,United States
188,Nanning,22.82,108.32,2167.0,China
189,Belem,-1.45,-48.48,2167.0,Brazil
190,Patna,25.625,85.13,2158.0,India
191,Santo Domingo,18.4701,-69.9001,2154.0,Dominican Republic
192,Urumqi,43.805,87.575,2151.0,China
193,Zaozhuang,34.88,117.57,2145.0,China
194,Baku,40.3953,49.8622,2122.3,Azerbaijan
195,Accra,5.55,-0.2167,2121.0,Ghana
196,Yantai,37.5304,121.4,2116.0,China
197,Medan,3.58,98.65,2115.0,Indonesia
198,Santa Cruz,-17.7539,-63.226,2102.998,Bolivia
199,Tongshan,34.28,117.18,2091.0,China
200,Riverside,33.9381,-117.3948,2084.749,United States
201,Linyi,35.08,118.33,2082.0,China
202,St. Louis,38.6358,-90.2451,2078.283,United States
203,Las Vegas,36.2333,-115.2654,2073.045,United States
204,Maracaibo,10.73,-71.66,2072.0,Venezuela
205,Kuwait City,29.3697,47.9783,2063.0,Kuwait
206,Ad Dammam,26.4282,50.0997,2054.71,Saudi Arabia
207,Portland,45.5371,-122.65,2052.796,United States
208,Haikou,20.05,110.32,2046.189,China
209,Hiroshima,34.3878,132.4429,2045.0,Japan
210,Baotou,40.6522,109.822,2036.0,China
211,Hefei,31.85,117.28,2035.0,China
212,Indore,22.7151,75.865,2026.0,India
213,Goiania,-16.72,-49.3,2022.0,Brazil
214,Sanaa,15.3547,44.2066,2008.0,Yemen
215,San Antonio,29.4658,-98.5254,2002.53,United States
216,Port-au-Prince,18.541,-72.336,1998.0,Haiti
217,Haiphong,20.83,106.6801,1969.0,Vietnam
218,Suzhou,33.6361,116.9789,1964.0,China
219,Nanyang,33.0004,112.53,1944.0,China
220,Bucharest,44.4334,26.0999,1942.0,Romania
221,Ningbo,29.88,121.55,1923.0,China
222,Douala,4.0604,9.71,1906.0,Cameroon
223,Tangshan,39.6243,118.1944,1879.0,China
224,Tainan,23.0,120.2,1876.312,Taiwan
225,Xiping,40.08,113.3,1873.0,China
226,Asuncion,-25.2964,-57.6415,1870.0,Paraguay
227,Saidu Sharif,34.75,72.35,1860.31,Pakistan
228,Brisbane,-27.455,153.0351,1860.0,Australia
229,Rawalpindi,33.6,73.04,1858.0,Pakistan
230,Sacramento,38.5667,-121.4683,1854.698,United States
231,Beirut,33.872,35.5097,1846.0,Lebanon
232,San Jose,37.3021,-121.8489,1821.899,United States
233,Minsk,53.9,27.5666,1805.0,Belarus
234,Kyoto,35.03,135.75,1805.0,Japan
235,Barranquilla,10.96,-74.8,1798.0,Colombia
236,Orlando,28.4772,-81.3369,1776.841,United States
237,Shuyangzha,34.1299,118.7734,1770.0,China
238,Valencia,10.23,-67.98,1770.0,Venezuela
239,Hamburg,53.55,10.0,1757.0,Germany
240,Vadodara,22.31,73.18,1756.0,India
241,Manaus,-3.1,-60.0,1753.0,Brazil
242,Shangqiu,34.4504,115.65,1753.0,China
243,Wuxi,31.58,120.3,1749.0,China
244,Palembang,-2.98,104.75,1749.0,Indonesia
245,Brussels,50.8333,4.3333,1743.0,Belgium
246,Essen,51.45,7.0166,1742.135,Germany
247,Cleveland,41.4767,-81.6805,1730.363,United States
248,Bhopal,23.25,77.41,1727.0,India
249,Hohhot,40.82,111.66,1726.0,China
250,Pittsburgh,40.4396,-79.9763,1715.297,United States
251,Luoyang,34.68,112.4701,1715.0,China
252,Santos,-23.9537,-46.3329,1709.0,Brazil
253,Jingling,30.6501,113.16,1708.0,China
254,Warsaw,52.25,21.0,1707.0,Poland
255,Rabat,34.0253,-6.8361,1705.0,Morocco
256,Vitoria,-20.324,-40.366,1704.0,Brazil
257,Quito,-0.215,-78.5001,1701.0,Ecuador
258,Antananarivo,-18.9166,47.5166,1697.0,Madagascar
259,Coimbatore,11.0,76.95,1696.0,India
260,Daqing,46.58,125.0,1693.0,China
261,Lu'an,31.7503,116.48,1690.0,China
262,Sanzhou,30.82,108.4,1680.0,China
263,Budapest,47.5,19.0833,1679.0,Hungary
264,Turin,45.0704,7.67,1652.0,Italy
265,Suzhou,31.3005,120.62,1650.0,China
266,Ludhiana,30.9278,75.8723,1649.0,India
267,Cincinnati,39.1412,-84.506,1648.254,United States
268,Kumasi,6.69,-1.63,1646.0,Ghana
269,Manhattan,40.7834,-73.9662,1643.734,United States
270,Qiqihar,47.345,123.99,1641.0,China
271,Anshan,41.115,122.94,1639.0,China
272,Austin,30.3006,-97.7517,1638.716,United States
273,Zhongli,24.965,121.2168,1632.616,Taiwan
274,Handan,36.58,114.48,1631.0,China
275,Tai'an,36.2,117.1201,1629.0,China
276,Esfahan,32.7,51.7,1628.0,Iran
277,Kansas City,39.1239,-94.5541,1615.621,United States
278,Yaounde,3.8667,11.5167,1611.0,Cameroon
279,Shantou,23.37,116.67,1601.0,China
280,Agra,27.1704,78.015,1592.0,India
281,Zhanjiang,21.2,110.38,1590.0,China
282,La Paz,-16.498,-68.15,1590.0,Bolivia
283,Kalyan,19.2502,73.1602,1576.614,India
284,Abuja,9.0833,7.5333,1576.0,Nigeria
285,Harare,-17.8178,31.0447,1572.0,Zimbabwe
286,Indianapolis,39.7771,-86.1458,1564.699,United States
287,Xiantao,30.3704,113.44,1556.0,China
288,Khulna,22.84,89.56,1553.0,Bangladesh
289,Weifang,36.7204,119.1001,1553.0,China
290,Tijuana,32.5,-117.08,1553.0,Mexico
291,Santiago,19.5,-70.67,1550.753,Dominican Republic
292,Xinyang,32.1304,114.07,1541.0,China
293,Luzhou,28.88,105.38,1537.0,China
294,Perth,-31.955,115.84,1532.0,Australia
295,Toluca,19.3304,-99.67,1531.0,Mexico
296,Vishakhapatnam,17.73,83.305,1529.0,India
297,Leeds,53.83,-1.58,1529.0,United Kingdom
298,Kobe,34.68,135.17,1528.478,Japan
299,Columbus,39.986,-82.9851,1528.314,United States
300,Multan,30.2,71.455,1522.0,Pakistan
301,Kochi,10.015,76.2239,1519.0,India
302,Montevideo,-34.858,-56.1711,1513.0,Uruguay
303,Gujranwala,32.1604,74.185,1513.0,Pakistan
304,Niteroi,-22.9,-43.1,1500.513,Brazil
305,Ganzhou,25.92,114.95,1500.0,China
306,Florence,43.78,11.25,1500.0,Italy
307,Liuzhou,24.28,109.25,1497.0,China
308,Bamako,12.65,-8.0,1494.0,Mali
309,Conakry,9.5315,-13.6802,1494.0,Guinea
310,Bursa,40.2,29.07,1492.0,Turkey
311,Leon de los Aldama,21.15,-101.7,1488.0,Mexico
312,Virginia Beach,36.7335,-76.0435,1480.383,United States
313,Nasik,20.0004,73.78,1473.0,India
314,Fushun,41.8654,123.87,1470.0,China
315,Changde,29.03,111.68,1469.0,China
316,Daejeon,36.3355,127.425,1468.0,"Korea, South"
317,Charlotte,35.2079,-80.8304,1467.362,United States
318,Phnom Penh,11.55,104.9166,1466.0,Cambodia
319,Neijiang,29.5804,105.05,1466.0,China
320,Quanzhou,24.9,118.58,1463.0,China
321,Kharkiv,50.0,36.25,1461.0,Ukraine
322,Hyderabad City,25.38,68.375,1459.0,Pakistan
323,Bronx,40.8501,-73.8662,1455.72,United States
324,Lome,6.1319,1.2228,1452.0,Togo
325,Cordoba,-31.4,-64.1823,1452.0,Argentina
326,Huainan,32.63,116.98,1451.0,China
327,Doha,25.2866,51.533,1450.0,Qatar
328,Kuala Lumpur,3.1667,101.7,1448.0,Malaysia
329,Maputo,-25.9553,32.5892,1446.0,Mozambique
330,Kaduna,10.52,7.44,1442.0,Nigeria
331,Gwangju,35.171,126.9104,1440.0,"Korea, South"
332,Kawanakajima,35.53,139.705,1437.266,Japan
333,San Salvador,13.71,-89.203,1433.0,El Salvador
334,Suining,30.5333,105.5333,1425.0,China
335,Lyon,45.77,4.83,1423.0,France
336,Karaj,35.8004,50.97,1423.0,Iran
337,Kampala,0.3167,32.5833,1420.0,Uganda
338,Tabriz,38.0863,46.3012,1413.0,Iran
339,The Hague,52.08,4.27,1406.0,Netherlands
340,Davao,7.11,125.63,1402.0,Philippines
341,Marseille,43.29,5.375,1400.0,France
342,Meerut,29.0004,77.7,1398.0,India
343,Mianyang,31.47,104.77,1396.0,China
344,Semarang,-6.9666,110.42,1396.0,Indonesia
345,Faridabad,28.4333,77.3167,1394.0,India
346,Novosibirsk,55.03,82.96,1389.0,Russia
347,Mecca,21.43,39.82,1385.0,Saudi Arabia
348,Dubai,25.23,55.28,1379.0,United Arab Emirates
349,Milwaukee,43.0642,-87.9673,1377.808,United States
350,Auckland,-36.8481,174.763,1377.2,New Zealand
351,Ma'anshan,31.7304,118.48,1366.302,China
352,Brazzaville,-4.2592,15.2847,1355.0,Congo (Brazzaville)
353,Yiyang,28.6004,112.33,1352.0,China
354,Varanasi,25.33,83.0,1352.0,India
355,Lubumbashi,-11.68,27.48,1352.0,Congo (Kinshasa)
356,Juarez,31.6904,-106.49,1343.0,Mexico
357,Ghaziabad,28.6604,77.4084,1341.0,India
358,Pretoria,-25.7069,28.2294,1338.0,South Africa
359,Heze,35.23,115.45,1338.0,China
360,Porto,41.15,-8.62,1337.0,Portugal
361,Asansol,23.6833,86.9833,1328.0,India
362,Lusaka,-15.4166,28.2833,1328.0,Zambia
363,Changzhou,31.78,119.97,1327.0,China
364,Mosul,36.345,43.145,1316.0,Iraq
365,Yekaterinburg,56.85,60.6,1313.0,Russia
366,Peshawar,34.005,71.535,1303.0,Pakistan
367,Mandalay,21.97,96.085,1300.0,Burma
368,Jamshedpur,22.7875,86.1975,1300.0,India
369,Mbuji-Mayi,-6.15,23.6,1295.0,Congo (Kinshasa)
370,Madura,9.92,78.12,1294.0,India
371,Adana,36.995,35.32,1293.0,Turkey
372,Sheffield,53.3667,-1.5,1292.9,United Kingdom
373,Jabalpur,23.1751,79.9551,1285.0,India
374,San Jose,9.935,-84.0841,1284.0,Costa Rica
375,Panama City,8.968,-79.533,1281.0,Panama
376,Nizhniy Novgorod,56.333,44.0001,1278.0,Russia
377,Chifeng,42.27,118.95,1277.0,China
378,Duisburg,51.43,6.75,1276.757,Germany
379,Munich,48.1299,11.575,1275.0,Germany
380,Huaiyin,33.58,119.03,1264.0,China
381,Stockholm,59.3508,18.0973,1264.0,Sweden
382,Makassar,-5.14,119.432,1262.0,Indonesia
383,Rajkot,22.31,70.8,1260.0,India
384,Dhanbad,23.8004,86.42,1246.0,India
385,Mudanjiang,44.575,129.59,1244.0,China
386,Geneva,46.21,6.14,1240.0,Switzerland
387,Shiraz,29.63,52.57,1240.0,Iran
388,Huzhou,30.8704,120.1,1231.0,China
389,Beidao,34.6,105.92,1225.0,China
390,Shuangshui,26.5944,104.8333,1221.0,China
391,Dusseldorf,51.2204,6.78,1220.0,Germany
392,Gaozhou,21.9204,110.87,1217.715,China
393,Sevilla,37.405,-5.98,1212.045,Spain
394,Amritsar,31.64,74.87,1212.0,India
395,Vila Velha,-20.3676,-40.318,1209.091,Brazil
396,Vila Velha,3.2167,-51.2167,1209.091,Brazil
397,Almaty,43.325,76.915,1209.0,Kazakhstan
398,Providence,41.823,-71.4187,1206.642,United States
399,Warangal,18.01,79.58,1203.853,India
400,Rosario,-32.9511,-60.6663,1203.0,Argentina
401,Allahabad,25.455,81.84,1201.0,India
402,Benin City,6.3405,5.62,1190.0,Nigeria
403,Jining,35.4004,116.55,1186.0,China
404,Maceio,-9.62,-35.73,1186.0,Brazil
405,Sofia,42.6833,23.3167,1185.0,Bulgaria
406,Abbottabad,34.1495,73.1995,1183.647,Pakistan
407,Benghazi,32.1167,20.0667,1180.0,Libya
408,Cilacap,-7.7188,109.0154,1174.964,Indonesia
409,Prague,50.0833,14.466,1162.0,Czechia
410,Glasgow,55.8744,-4.2507,1160.0,United Kingdom
411,Leshan,29.5671,103.7333,1157.0,China
412,Jacksonville,30.3322,-81.6749,1156.291,United States
413,Ouagadougou,12.3703,-1.5247,1149.0,Burkina Faso
414,Ottawa,45.4167,-75.7,1145.0,Canada
415,Adelaide,-34.935,138.6,1145.0,Australia
416,Shangrao,28.4704,117.97,1144.577,China
417,Torreon,25.5701,-103.42,1144.0,Mexico
418,Srinagar,34.1,74.815,1140.0,India
419,Bezwada,16.52,80.63,1137.0,India
420,Samara,53.195,50.1513,1137.0,Russia
421,Omsk,54.99,73.4,1135.0,Russia
422,Newcastle,-32.8453,151.815,1134.616,Australia
423,Yulin,22.63,110.15,1127.0,China
424,Namp'o,38.7669,125.4524,1127.0,"Korea, North"
425,Xianyang,34.3456,108.7147,1126.0,China
426,Cagayan de Oro,8.4508,124.6853,1121.561,Philippines
427,Can Tho,10.05,105.77,1121.0,Vietnam
428,Barquisimeto,10.05,-69.3,1116.0,Venezuela
429,Helsinki,60.1756,24.9341,1115.0,Finland
430,Kazan',55.7499,49.1263,1115.0,Russia
431,Aurangabad,19.8957,75.3203,1113.0,India
432,Calgary,51.083,-114.08,1110.0,Canada
433,Ciudad Nezahualcoyotl,19.41,-99.03,1109.363,Mexico
434,Zurich,47.38,8.55,1108.0,Switzerland
435,Baoding,38.8704,115.48,1107.0,China
436,Zigong,29.4,104.78,1105.0,China
437,Sharjah,25.3714,55.4065,1103.027,United Arab Emirates
438,Yerevan,40.1812,44.5136,1102.0,Armenia
439,Mogadishu,2.0667,45.3667,1100.0,Somalia
440,Tbilisi,41.725,44.7908,1100.0,Georgia
441,Ankang,32.68,109.02,1100.0,China
442,Huambo,-12.75,15.76,1100.0,Angola
443,Ikare,7.5304,5.76,1099.931,Nigeria
444,Belgrade,44.8186,20.468,1099.0,Serbia
445,Salt Lake City,40.7774,-111.93,1098.4,United States
446,Bhilai,21.2167,81.4333,1097.0,India
447,Jinhua,29.12,119.65,1092.852,China
448,Chelyabinsk,55.155,61.4387,1091.0,Russia
449,Natal,-5.78,-35.24,1088.0,Brazil
450,Dushanbe,38.56,68.7739,1086.244,Tajikistan
451,Copenhagen,55.6786,12.5635,1085.0,Denmark
452,Changwon,35.2191,128.5836,1081.499,"Korea, South"
453,Zhuzhou,27.83,113.15,1080.0,China
454,Suwon,37.2578,127.0109,1078.0,"Korea, South"
455,Nashville,36.1715,-86.7843,1076.645,United States
456,Vereeniging,-26.6496,27.96,1074.0,South Africa
457,Xiangyang,32.02,112.13,1069.0,China
458,Memphis,35.1046,-89.9773,1068.873,United States
459,Ulsan,35.5467,129.317,1061.0,"Korea, South"
460,Amman,31.95,35.9333,1060.0,Jordan
461,Mizhou,35.99,119.3801,1060.0,China
462,Richmond,37.5295,-77.4756,1059.907,United States
463,Dublin,53.3331,-6.2489,1059.0,Ireland
464,Edmonton,53.55,-113.5,1058.0,Canada
465,Solapur,17.6704,75.9,1057.0,India
466,Rostov-na-Donu,47.2346,39.7127,1052.0,Russia
467,Dnipro,48.48,35.0,1050.0,Ukraine
468,Xining,36.62,101.77,1048.0,China
469,Zhangjiakou,40.83,114.93,1046.0,China
470,Lille,50.65,3.08,1044.0,France
471,Ranchi,23.37,85.33,1044.0,India
472,Gaziantep,37.075,37.385,1044.0,Turkey
473,Monrovia,6.3106,-10.8048,1041.0,Liberia
474,Sao Luis,-2.516,-44.266,1038.0,Brazil
475,Amsterdam,52.35,4.9166,1031.0,Netherlands
476,Jerusalem,31.7784,35.2066,1029.3,Israel
477,New Orleans,30.0687,-89.9288,1029.123,United States
478,Guatemala City,14.6211,-90.527,1024.0,Guatemala
479,Zhuhai,22.2769,113.5678,1023.0,China
480,Florianopolis,-27.58,-48.52,1023.0,Brazil
481,Port Elizabeth,-33.97,25.6,1021.0,South Africa
482,Jiamusi,46.83,130.35,1020.0,China
483,Port Harcourt,4.81,7.01,1020.0,Nigeria
484,Raleigh,35.8324,-78.6438,1018.336,United States
485,Ufa,54.79,56.04,1018.0,Russia
486,Hengyang,26.88,112.59,1016.0,China
487,Benxi,41.3304,123.75,1012.0,China
488,Louisville,38.1663,-85.6485,1011.696,United States
489,Haifa,32.8204,34.98,1011.0,Israel
490,Medina,24.5,39.58,1010.0,Saudi Arabia
491,Bucaramanga,7.1301,-73.1259,1009.0,Colombia
492,Maracay,10.2469,-67.5958,1007.0,Venezuela
493,Rotterdam,51.92,4.48,1005.0,Netherlands
494,Homs,34.73,36.72,1005.0,Syria
495,Cologne,50.93,6.95,1004.0,Germany
496,Qinhuangdao,39.9304,119.62,1003.0,China
497,Fes,34.0546,-5.0004,1002.0,Morocco
498,N'Djamena,12.1131,15.0491,989.0,Chad
499,Tegucigalpa,14.102,-87.2175,946.0,Honduras
500,Kingston,17.9771,-76.7674,937.7,Jamaica
501,Nay Pyi Taw,19.7666,96.1186,930.0,Burma
502,Djibouti,11.595,43.148,923.0,Djibouti
503,Managua,12.153,-86.2685,920.0,Nicaragua
504,Niamey,13.5167,2.1167,915.0,Niger
505,Tirana,41.3275,19.8189,895.35,Albania
506,Kathmandu,27.7167,85.3166,895.0,Nepal
507,Ulaanbaatar,47.9167,106.9166,885.0,Mongolia
508,Kigali,-1.9536,30.0605,860.0,Rwanda
509,Bishkek,42.8731,74.5852,837.0,Kyrgyzstan
510,Oslo,59.9167,10.75,835.0,Norway
511,Bangui,4.3666,18.5583,831.925,Central African Republic
512,Freetown,8.47,-13.2342,827.0,Sierra Leone
513,Islamabad,33.7,73.1666,780.0,Pakistan
514,Cotonou,6.4,2.52,762.0,Benin
515,Vientiane,17.9667,102.6,754.0,Laos
516,Riga,56.95,24.1,742.572,Latvia
517,Nouakchott,18.0864,-15.9753,742.144,Mauritania
518,Muscat,23.6133,58.5933,734.697,Oman
519,Ashgabat,37.95,58.3833,727.7,Turkmenistan
520,Zagreb,45.8,16.0,722.526,Croatia
521,Sarajevo,43.85,18.383,696.731,Bosnia And Herzegovina
522,Chisinau,47.005,28.8577,688.134,Moldova
523,Lilongwe,-13.9833,33.7833,646.75,Malawi
524,Asmara,15.3333,38.9333,620.802,Eritrea
525,Abu Dhabi,24.4667,54.3666,603.492,United Arab Emirates
526,Port Louis,-20.1666,57.5,595.491,Mauritius
527,Libreville,0.3854,9.458,578.156,Gabon
528,Manama,26.2361,50.5831,563.92,Bahrain
529,Vilnius,54.6834,25.3166,542.366,Lithuania
530,Skopje,42.0,21.4335,494.087,Macedonia
531,Bloemfontein,-29.12,26.2299,463.064,South Africa
532,Bratislava,48.15,17.117,423.737,Slovakia
533,Bissau,11.865,-15.5984,403.339,Guinea-Bissau
534,Tallinn,59.4339,24.728,394.024,Estonia
535,Wellington,-41.3,174.7833,393.4,New Zealand
536,Valletta,35.8997,14.5147,368.25,Malta
537,Maseru,-29.3167,27.4833,361.324,Lesotho
538,Nur-Sultan,51.1811,71.4278,345.604,Kazakhstan
539,Bujumbura,-3.3761,29.36,331.7,Burundi
540,Canberra,-35.283,149.129,327.7,Australia
541,New Delhi,28.6,77.2,317.797,India
542,Ljubljana,46.0553,14.515,314.807,Slovenia
543,Porto-Novo,6.4833,2.6166,300.0,Benin
544,Bandar Seri Begawan,4.8833,114.9333,296.5,Brunei
545,Port of Spain,10.652,-61.517,294.934,Trinidad And Tobago
546,Port Moresby,-9.4647,147.1925,283.733,Papua New Guinea
547,Bern,46.9167,7.467,275.329,Switzerland
548,Windhoek,-22.57,17.0835,268.132,Namibia
549,Georgetown,6.802,-58.167,264.35,Guyana
550,Paramaribo,5.835,-55.167,254.169,Suriname
551,Dili,-8.5594,125.5795,234.331,Timor-Leste
552,Nassau,25.0834,-77.35,227.94,"Bahamas, The"
553,Sucre,-19.041,-65.2595,224.838,Bolivia
554,Nicosia,35.1667,33.3666,224.3,Cyprus
555,Dodoma,-6.1833,35.75,218.269,Tanzania
556,Colombo,6.932,79.8578,217.0,Sri Lanka
557,Gaborone,-24.6463,25.9119,208.411,Botswana
558,Yamoussoukro,6.8184,-5.2755,206.499,Côte D’Ivoire
559,Bridgetown,13.102,-59.6165,191.152,Barbados
560,Suva,-18.133,178.4417,175.399,Fiji
561,Reykjavik,64.15,-21.95,166.212,Iceland
562,Malabo,3.75,8.7833,155.963,Equatorial Guinea
563,Willemstad,12.2004,-69.02,146.813,Curaçao
564,Podgorica,42.466,19.2663,145.85,Montenegro
565,Moroni,-11.7042,43.2402,128.698,Comoros
566,Sri Jayewardenepura Kotte,6.9,79.95,115.826,Sri Lanka
567,Praia,14.9167,-23.5167,113.364,Cabo Verde
568,Male,4.1667,73.4999,112.927,Maldives
569,Juba,4.83,31.58,111.975,South Sudan
570,Luxembourg,49.6117,6.13,107.26,Luxembourg
571,Thimphu,27.473,89.639,98.676,Bhutan
572,Mbabane,-26.3167,31.1333,90.138,Swaziland
573,Sao Tome,0.3334,6.7333,88.219,Sao Tome And Principe
574,Honiara,-9.438,159.9498,76.328,Solomon Islands
575,Oranjestad,12.5304,-70.029,68.775,Aruba
576,Apia,-13.8415,-171.7386,61.916,Samoa
577,Andorra la Vella,42.5,1.5165,53.998,Andorra
578,Kingstown,13.1483,-61.2121,49.485,Saint Vincent And The Grenadines
579,Port-Vila,-17.7334,168.3166,44.04,Vanuatu
580,Banjul,13.4539,-16.5917,43.094,"Gambia, The"
581,Nuku`alofa,-21.1385,-175.2206,42.62,Tonga
582,Castries,14.002,-61.0,37.963,Saint Lucia
583,Monaco,43.7396,7.4069,36.371,Monaco
584,Vaduz,47.1337,9.5167,36.281,Liechtenstein
585,Saint John's,17.118,-61.85,35.499,Antigua And Barbuda
586,Saint George's,12.0526,-61.7416,33.734,Grenada
587,Victoria,-4.6166,55.45,33.576,Seychelles
588,San Marino,43.9172,12.4667,29.579,San Marino
589,Tarawa,1.3382,173.0176,28.802,Kiribati
590,Majuro,7.103,171.38,25.4,Marshall Islands
591,Roseau,15.301,-61.387,23.336,Dominica
592,Basseterre,17.302,-62.717,21.887,Saint Kitts And Nevis
593,Belmopan,17.252,-88.7671,15.22,Belize
594,Pago Pago,-14.274,-170.7046,12.576,American Samoa
595,Lobamba,-26.4667,31.2,9.782,Swaziland
596,Funafuti,-8.5167,179.2166,4.749,Tuvalu
597,Palikir,6.9166,158.15,4.645,"Micronesia, Federated States Of"
598,Capitol Hill,15.2137,145.7546,2.5,Northern Mariana Islands
599,Hagta,13.4745,144.7504,1.051,Guam
600,Al Quds,31.7764,35.2269,,West Bank
601,Philipsburg,18.0255,-63.045,,Sint Maarten
602,Gitega,-3.4271,29.9246,,Burundi
603,Pristina,42.6666,21.1724,,Kosovo
604,Ngerulmud,7.5,134.6242,,Palau
605,Aden,12.7797,45.0095,1000.0,Yemen
606,Cochabamba,-17.41,-66.17,1000.0,Bolivia
607,Yongzhou,26.2304,111.62,1000.0,China
608,Baoshan,25.12,99.15,1000.0,China
609,Quang Ha,16.06,108.25,1000.0,Vietnam
610,Kitaku,33.8704,130.82,997.536,Japan
611,Perm',58.0,56.25,997.0,Russia
612,Ahvaz,31.28,48.72,996.0,Iran
613,Jodhpur,26.2918,73.0168,995.0,India
614,San Luis Potosi,22.17,-101.0,992.0,Mexico
615,Odesa,46.49,30.71,991.0,Ukraine
616,Yinchuan,38.468,106.273,991.0,China
617,Jiaxing,30.7704,120.75,988.0,China
618,Joinvile,-26.32,-48.8399,988.0,Brazil
619,Donets'k,48.0,37.83,988.0,Ukraine
620,Guilin,25.28,110.28,987.0,China
621,Dahuk,36.8667,43.0,986.0,Iraq
622,Volgograd,48.71,44.5,984.0,Russia
623,Guwahati,26.16,91.77,983.0,India
624,Yichun,27.8333,114.4,982.0,China
625,Yangquan,37.87,113.57,981.448,China
626,Natal,-6.9838,-60.2699,980.588,Brazil
627,Chandigarh,30.72,76.78,979.0,India
628,Gwalior,26.23,78.1801,978.0,India
629,Hamamatsu,34.7181,137.7327,977.023,Japan
630,Qom,34.65,50.95,973.0,Iran
631,Jixi,45.3,130.97,965.0,China
632,Merida,20.9666,-89.6166,965.0,Mexico
633,Xin'an,34.38,118.35,962.656,China
634,Queretaro,20.63,-100.38,961.0,Mexico
635,Pingxiang,27.62,113.85,961.0,China
636,Joao Pessoa,-7.1011,-34.8761,956.0,Brazil
637,Klang,3.0204,101.55,956.0,Malaysia
638,Jinzhou,41.1204,121.1,956.0,China
639,Oklahoma City,35.4676,-97.5137,955.998,United States
640,Salerno,40.6804,14.7699,954.265,Italy
641,Thiruvananthapuram,8.5,76.95,954.0,India
642,Calicut,11.2504,75.77,953.0,India
643,Trichinopoly,10.81,78.69,951.0,India
644,Ogbomoso,8.13,4.24,951.0,Nigeria
645,General Santos,6.1108,125.1747,950.53,Philippines
646,Hue,16.47,107.58,950.0,Vietnam
647,Bacolod,10.6317,122.9817,949.354,Philippines
648,Nantong,32.0304,120.825,947.0,China
649,Foshan,23.0301,113.12,943.0,China
650,Songnam,37.4386,127.1378,942.0,"Korea, South"
651,Bridgeport,41.1918,-73.1953,938.406,United States
652,Nice,43.715,7.265,927.0,France
653,Buffalo,42.9017,-78.8487,926.261,United States
654,Erbil,36.179,44.0086,926.0,Iraq
655,Krasnoyarsk,56.014,92.866,925.0,Russia
656,Olinda,-8.0,-34.85,921.84,Brazil
657,Antwerp,51.2204,4.415,920.0,Belgium
658,Konya,37.875,32.475,919.0,Turkey
659,Bogor,-6.57,106.75,918.0,Indonesia
660,Hartford,41.7661,-72.6834,914.751,United States
661,Huaibei,33.9504,116.75,913.0,China
662,Xinyu,27.8,114.93,913.0,China
663,Teresina,-5.095,-42.78,907.0,Brazil
664,Naha,26.2072,127.673,905.238,Japan
665,Goyang,37.6527,126.8372,903.0,"Korea, South"
666,Nangandao,35.3204,113.87,903.0,China
667,Yibin,28.77,104.57,902.0,China
668,Aba,5.1004,7.35,897.56,Nigeria
669,Maiduguri,11.85,13.16,896.0,Nigeria
670,Az Zarqa',32.07,36.1,894.691,Jordan
671,Tarsus,36.9204,34.88,894.318,Turkey
672,Bengbu,32.95,117.33,894.0,China
673,Mendoza,-32.8833,-68.8166,893.0,Argentina
674,Hubli,15.36,75.125,890.0,India
675,Concepcion,-36.83,-73.05,889.725,Chile
676,Zaria,11.08,7.71,889.0,Nigeria
677,Dengtalu,36.08,114.35,887.0,China
678,Cartagena,10.3997,-75.5144,887.0,Colombia
679,Mysore,12.31,76.66,887.0,India
680,Mexicali,32.65,-115.48,885.0,Mexico
681,Tongliao,43.62,122.27,884.0,China
682,Mombasa,-4.04,39.6899,882.0,Kenya
683,Newcastle upon Tyne,55.0004,-1.6,882.0,United Kingdom
684,Novo Hamburgo,-29.7096,-51.14,876.99,Brazil
685,Callao,-12.07,-77.135,876.877,Peru
686,Bilbao,43.25,-2.93,875.552,Spain
687,Johor Bahru,1.48,103.73,875.0,Malaysia
688,Raipur,21.235,81.635,875.0,India
689,Xiaoxita,30.7,111.28,875.0,China
690,Fort Worth,32.7812,-97.3472,874.168,United States
691,Salem,11.67,78.1801,873.0,India
692,Yangjiang,21.8504,111.97,872.363,China
693,Marrakech,31.63,-8.0,872.0,Morocco
694,Kaifeng Chengguanzhen,34.85,114.35,872.0,China
695,Dandong,40.1436,124.3936,870.0,China
696,Al Basrah,30.5135,47.8136,870.0,Iraq
697,Aguascalientes,21.8795,-102.2904,869.0,Mexico
698,Tucson,32.1545,-110.8782,868.391,United States
699,Okayama,34.672,133.9171,866.092,Japan
700,Bucheon,37.4989,126.7831,866.0,"Korea, South"
701,Xuanzhou,30.9525,118.7553,866.0,China
702,Bandar Lampung,-5.43,105.27,865.0,Indonesia
703,Rizhao,35.4304,119.45,865.0,China
704,Palermo,38.125,13.35,863.0,Italy
705,Caerdydd,51.5,-3.225,861.4,United Kingdom
706,Tampico,22.3,-97.87,859.419,Mexico
707,Jiaozuo,35.25,113.22,857.0,China
708,Padang,-0.96,100.36,855.0,Indonesia
709,Jalandhar,31.3349,75.569,855.0,India
710,Zhenjiang,32.22,119.43,854.0,China
711,Valparaiso,-33.0478,-71.621,854.0,Chile
712,Pingdingshan,33.7304,113.3,849.0,China
713,Zunyi,27.7,106.92,849.0,China
714,Anshun,26.2504,105.93,849.0,China
715,Toulouse,43.62,1.4499,847.0,France
716,El Paso,31.8479,-106.4309,845.674,United States
717,Iguacu,-22.74,-43.47,844.583,Brazil
718,Bhubaneshwar,20.2704,85.8274,844.0,India
719,Voronezh,51.73,39.27,844.0,Russia
720,Saratov,51.58,46.03,843.0,Russia
721,Yuci,37.6804,112.73,840.0,China
722,Yancheng,33.3856,120.1253,839.0,China
723,Cuernavaca,18.9211,-99.24,834.001,Mexico
724,Linfen,36.0803,111.52,834.0,China
725,Honolulu,21.3294,-157.846,833.671,United States
726,Warri,5.52,5.76,830.106,Nigeria
727,Basel,47.5804,7.59,830.0,Switzerland
728,San Miguel de Tucuman,-26.816,-65.2166,830.0,Argentina
729,Kermanshah,34.38,47.06,828.313,Iran
730,Thessaloniki,40.6961,22.885,828.0,Greece
731,Omaha,41.2628,-96.0498,827.786,United States
732,Kota,25.18,75.835,827.0,India
733,Braga,41.555,-8.4213,826.833,Portugal
734,Jhansi,25.453,78.5575,826.494,India
735,Rongjiawan,29.3801,113.1,826.0,China
736,Nottingham,52.9703,-1.17,825.6,United Kingdom
737,Agadir,30.44,-9.62,825.467,Morocco
738,Butterworth,5.4171,100.4,821.652,Malaysia
739,Bareilly,28.3454,79.42,817.0,India
740,Jos,9.93,8.89,816.824,Nigeria
741,Xingyi,25.0904,104.89,816.0,China
742,Cebu City,10.32,123.9001,815.0,Philippines
743,Arequipa,-16.42,-71.53,815.0,Peru
744,Liverpool,53.416,-2.918,811.0,United Kingdom
745,Wuhu,31.3504,118.37,810.0,China
746,Langfang,39.5204,116.68,810.0,China
747,Rajshahi,24.375,88.605,810.0,Bangladesh
748,Zhaotong,27.3204,103.72,809.0,China
749,Culiacan,24.83,-107.38,809.0,Mexico
750,Valencia,39.485,-0.4,808.0,Spain
751,Lingyuan,41.24,119.4011,806.0,China
752,Cuiaba,-15.5696,-56.085,806.0,Brazil
753,Quy Nhon,13.78,109.18,805.29,Vietnam
754,Malang,-7.98,112.61,805.0,Indonesia
755,Aligarh,27.8922,78.0618,805.0,India
756,L'viv,49.835,24.03,803.88,Ukraine
757,Bordeaux,44.85,-0.595,803.0,France
758,McAllen,26.2273,-98.2471,800.904,United States
759,Baojishi,34.38,107.15,800.0,China
760,Pekanbaru,0.565,101.425,799.0,Indonesia
761,Oran,35.71,-0.62,798.0,Algeria
762,Yingkou,40.6703,122.28,795.0,China
763,Bhiwandi,19.35,73.13,795.0,India
764,Liaoyang,41.28,123.18,794.0,China
765,Chihuahua,28.645,-106.085,793.0,Mexico
766,Jammu,32.7118,74.8467,791.0,India
767,Melaka,2.2064,102.2465,788.706,Malaysia
768,Zaporizhzhya,47.8573,35.1768,788.0,Ukraine
769,Moradabad,28.8418,78.7568,787.0,India
770,Antalya,36.89,30.7,783.0,Turkey
771,Al Hudaydah,14.7979,42.953,780.0,Yemen
772,Campo Grande,-20.45,-54.6166,778.0,Brazil
773,Shaoxing,30.0004,120.57,777.0,China
774,Yichun,47.6999,128.9,777.0,China
775,Mangalore,12.9,74.85,776.632,India
776,Wuppertal,51.25,7.17,776.525,Germany
777,Cheongju,36.6439,127.5012,775.096,"Korea, South"
778,Zamboanga City,6.92,122.08,773.0,Philippines
779,Hamhung,39.9101,127.5454,773.0,"Korea, North"
780,Fuyang,30.0533,119.9519,771.0,China
781,Ilorin,8.49,4.55,771.0,Nigeria
782,Saarbrucken,49.2504,6.97,770.001,Germany
783,Fuxin,42.0105,121.66,770.0,China
784,Shiyan,32.57,110.78,770.0,China
785,Quetta,30.22,67.025,768.0,Pakistan
786,Trujillo,-8.12,-79.02,765.171,Peru
787,Kananga,-5.89,22.4,765.0,Congo (Kinshasa)
788,Trabzon,40.98,39.72,764.714,Turkey
789,Jincheng,35.5004,112.83,760.0,China
790,Albuquerque,35.1053,-106.6464,758.523,United States
791,Lodz,51.775,19.4514,758.0,Poland
792,Krakow,50.06,19.96,756.0,Poland
793,Saltillo,25.42,-101.005,754.0,Mexico
794,Sao Jose dos Campos,-23.2,-45.8799,753.769,Brazil
795,Hungnam,39.8231,127.6232,751.322,"Korea, North"
796,Ta`izz,13.6045,44.0394,751.0,Yemen
797,Pietermaritzburg,-29.61,30.39,750.845,South Africa
798,Tangier,35.7473,-5.8327,750.06,Morocco
799,Hsinchu,24.8168,120.9767,750.0,Taiwan
800,Changhua,24.0734,120.5134,750.0,Taiwan
801,Kolhapur,16.7,74.22,750.0,India
802,Farg`ona,40.39,71.78,750.0,Uzbekistan
803,Namangan,41.0,71.67,750.0,Uzbekistan
804,Liege,50.63,5.58,749.11,Belgium
805,Ciudad Guayana,8.37,-62.62,746.535,Venezuela
806,Birmingham,33.5277,-86.7987,744.189,United States
807,Hegang,47.4,130.37,743.307,China
808,Naga City,13.6192,123.1814,741.635,Philippines
809,Gdansk,54.36,18.64,740.0,Poland
810,Ansan,37.3481,126.8595,739.493,"Korea, South"
811,Nuremberg,49.45,11.08,737.304,Germany
812,Oyo,7.8504,3.93,736.072,Nigeria
813,Amravati,20.95,77.77,734.451,India
814,Denpasar,-8.65,115.22,732.344,Indonesia
815,Sokoto,13.06,5.24,732.178,Nigeria
816,Beihai,21.4804,109.1,728.978,China
817,Bremen,53.08,8.8,724.909,Germany
818,As Sulaymaniyah,35.5613,45.4309,723.17,Iraq
819,Hannover,52.367,9.7167,722.49,Germany
820,Cucuta,7.92,-72.52,722.146,Colombia
821,Hamilton,43.25,-79.83,721.053,Canada
822,Moshi,-3.3396,37.34,721.018,Tanzania
823,Shaoguan,24.8,113.58,720.266,China
824,Kumamoto,32.8009,130.7006,718.232,Japan
825,Dayton,39.7797,-84.1998,718.169,United States
826,Xinpu,34.6004,119.17,715.6,China
827,Acapulco de Juarez,16.85,-99.916,715.584,Mexico
828,Kandahar,31.61,65.6949,715.542,Afghanistan
829,Dehra Dun,30.3204,78.05,714.223,India
830,Rochester,43.168,-77.6162,711.998,United States
831,Jeonju,35.8314,127.1404,711.424,"Korea, South"
832,Samarkand,39.67,66.945,708.0,Uzbekistan
833,Qingyuan,23.7004,113.0301,706.717,China
834,Sarasota,27.3386,-82.543,706.245,United States
835,Changzhi,36.1839,113.1053,706.0,China
836,Tol'yatti,53.4804,49.53,702.879,Russia
837,Jaboatao,-8.11,-35.02,702.621,Brazil
838,Shizuoka,34.9858,138.3854,701.561,Japan
839,Bulawayo,-20.17,28.58,699.385,Zimbabwe
840,Soledad,10.92,-74.77,698.852,Colombia
841,Fresno,36.7831,-119.7941,698.021,United States
842,Meknes,33.9004,-5.56,697.628,Morocco
843,La Plata,-34.9096,-57.96,694.253,Argentina
844,Malegaon,20.5604,74.525,690.844,India
845,Enugu,6.45,7.5,688.862,Nigeria
846,Huangshi,30.22,115.1,688.09,China
847,Aracaju,-10.9,-37.12,685.356,Brazil
848,Allentown,40.5961,-75.4755,682.899,United States
849,Bonn,50.7205,7.08,680.543,Germany
850,San Pedro Sula,15.5,-88.03,680.091,Honduras
851,Nellore,14.44,79.9899,678.004,India
852,Catania,37.5,15.08,674.542,Italy
853,Gorakhpur,26.7504,83.38,674.246,India
854,Ipoh,4.6,101.065,673.318,Malaysia
855,Ch'ongjin,41.7846,129.79,672.614,"Korea, North"
856,Tulsa,36.1284,-95.9043,672.054,United States
857,Utsunomiya,36.55,139.87,667.752,Japan
858,Puyang Chengguanzhen,35.7004,114.98,666.322,China
859,An Najaf,32.0003,44.3354,665.552,Iraq
860,Sao Jose dos Pinhais,-25.57,-49.18,665.063,Brazil
861,Santo Andre,-23.6528,-46.5278,662.373,Brazil
862,Bytom,50.35,18.91,662.247,Poland
863,Pointe-Noire,-4.77,11.88,659.084,Congo (Brazzaville)
864,At Ta'if,21.2622,40.3823,657.282,Saudi Arabia
865,Ismailia,30.5903,32.26,656.135,Egypt
866,Concord,37.9722,-122.0016,654.77,United States
867,Shimoga,13.9304,75.56,654.055,India
868,Bien Hoa,10.97,106.8301,652.646,Vietnam
869,Xiping,25.6005,103.8166,652.604,China
870,Kryvyy Rih,47.9283,33.345,652.38,Ukraine
871,Irbid,32.55,35.85,650.0,Jordan
872,Tiruppur,11.0804,77.33,650.0,India
873,Andijon,40.79,72.34,650.0,Uzbekistan
874,Krasnodar,45.02,39.0,649.851,Russia
875,Zaragoza,41.65,-0.89,649.404,Spain
876,Genoa,44.41,8.93,647.497,Italy
877,Diyarbakir,37.9204,40.23,644.763,Turkey
878,Morelia,19.7334,-101.1895,644.306,Mexico
879,Ul'yanovsk,54.33,48.41,640.68,Russia
880,Utrecht,52.1003,5.12,640.0,Netherlands
881,Kikwit,-5.03,18.85,637.736,Congo (Kinshasa)
882,Al Hufuf,25.3487,49.5856,637.389,Saudi Arabia
883,Yogyakarta,-7.78,110.375,636.66,Indonesia
884,Wroclaw,51.1104,17.03,634.893,Poland
885,Winnipeg,49.883,-97.166,632.063,Canada
886,Izhevsk,56.85,53.23,631.038,Russia
887,Cape Coral,26.6445,-81.9955,630.134,United States
888,Springfield,42.1155,-72.5395,628.076,United States
889,Zhuozhou,39.5401,115.79,628.0,China
890,Raurkela,22.2304,84.83,625.831,India
891,Quebec,46.84,-71.2456,624.177,Canada
892,Poznan,52.4058,16.8999,623.997,Poland
893,Colorado Springs,38.8674,-104.7606,623.946,United States
894,Port Said,31.26,32.29,623.864,Egypt
895,Nanded,19.17,77.3,623.708,India
896,Bannu,32.989,70.5986,622.419,Pakistan
897,Southend-on-Sea,51.55,0.72,618.386,United Kingdom
898,Dresden,51.05,13.75,617.515,Germany
899,Wiesbaden,50.0804,8.25,617.126,Germany
900,Charleston,32.8151,-79.963,616.085,United States
901,Changping,40.2248,116.1944,614.821,China
902,Palu,-0.907,119.833,612.445,Indonesia
903,Taizhou,32.4904,119.9,612.356,China
904,Xingtai,37.05,114.5,611.739,China
905,Samsun,41.28,36.3437,609.339,Turkey
906,Luxor,25.7,32.65,609.248,Egypt
907,Belgaum,15.865,74.505,608.756,India
908,Pontianak,-0.03,109.32,607.311,Indonesia
909,Yaroslavl',57.62,39.87,606.73,Russia
910,Constantine,36.36,6.5999,605.179,Algeria
911,Banjarmasin,-3.33,114.5801,603.576,Indonesia
912,Grand Rapids,42.9615,-85.6557,602.694,United States
913,Kirkuk,35.4722,44.3923,601.433,Iraq
914,Sangli,16.8604,74.575,601.214,India
915,Barcelona,10.1304,-64.72,600.954,Venezuela
916,Mission Viejo,33.6095,-117.655,600.474,United States
917,Suhaj,26.5504,31.7,600.0,Egypt
918,Al Mansurah,31.0504,31.38,600.0,Egypt
919,Canoas,-29.92,-51.18,600.0,Brazil
920,Barnaul,53.355,83.745,599.579,Russia
921,Zahedan,29.5,60.83,598.887,Iran
922,Jalalabad,34.4415,70.4361,597.971,Afghanistan
923,Albany,42.6664,-73.7987,597.27,United States
924,Chiclayo,-6.7629,-79.8366,596.792,Peru
925,Hermosillo,29.0989,-110.9541,595.811,Mexico
926,Chanda,19.97,79.3,595.118,India
927,Al Hillah,32.4721,44.4217,594.605,Iraq
928,Al Hillah,23.4895,46.7564,594.605,Saudi Arabia
929,Rasht,37.3,49.63,594.59,Iran
930,Nagano,36.65,138.17,594.311,Japan
931,Vinh,18.7,105.68,593.645,Vietnam
932,Abeokuta,7.1604,3.35,593.1,Nigeria
933,Kayseri,38.735,35.49,592.84,Turkey
934,Samarinda,-0.5,117.15,592.228,Indonesia
935,Ajmer,26.45,74.64,589.985,India
936,Dortmund,51.53,7.45,588.462,Germany
937,Vladivostok,43.13,131.91,587.022,Russia
938,Irkutsk,52.32,104.245,586.695,Russia
939,Knoxville,35.9692,-83.9496,585.249,United States
940,Blantyre,-15.79,34.9899,584.877,Malawi
941,Baton Rouge,30.4419,-91.131,583.613,United States
942,Anqing,30.5,117.05,580.497,China
943,Cuttack,20.47,85.8899,580.0,India
944,Hachioji,35.6577,139.3261,579.399,Japan
945,Khabarovsk,48.455,135.12,579.0,Russia
946,Veracruz,19.1773,-96.16,578.963,Mexico
947,Kisangani,0.52,25.22,578.47,Congo (Kinshasa)
948,Kerman,30.3,57.08,577.514,Iran
949,Orumiyeh,37.53,45.0,577.307,Iran
950,Bikaner,28.0304,73.3299,576.015,India
951,Quetzaltenango,14.83,-91.52,575.263,Guatemala
952,Bakersfield,35.353,-119.0359,574.362,United States
953,Ogden,41.228,-111.9677,573.632,United States
954,Shihezi,44.3,86.0299,573.182,China
955,Kuching,1.53,110.33,570.407,Malaysia
956,Shuozhou,39.3004,112.42,570.0,China
957,Niigata,37.92,139.04,569.797,Japan
958,Pereira,4.8104,-75.68,568.75,Colombia
959,Macau,22.203,113.545,568.7,Macau
960,New Haven,41.3112,-72.9246,568.144,United States
961,Bouake,7.69,-5.03,567.481,Côte D’Ivoire
962,Columbia,34.0376,-80.9037,566.166,United States
963,Akron,41.0798,-81.5219,565.92,United States
964,Binjai,3.6204,98.5001,564.979,Indonesia
965,Uberlandia,-18.9,-48.28,563.536,Brazil
966,Sorocaba,-23.49,-47.47,563.281,Brazil
967,Wusong,30.9504,117.78,562.832,China
968,Weihai,37.5,122.1,560.255,China
969,Mar del Plata,-38.0,-57.58,555.897,Argentina
970,Santiago de Cuba,20.025,-75.8213,555.865,Cuba
971,Siping,43.17,124.33,555.609,China
972,Kagoshima,31.586,130.5611,555.352,Japan
973,Surakarta,-7.565,110.825,555.308,Indonesia
974,Makhachkala,42.98,47.5,554.981,Russia
975,Bhavnagar,21.7784,72.13,554.978,India
976,Uyo,5.008,7.85,554.906,Nigeria
977,Bristol,51.45,-2.5833,553.528,United Kingdom
978,Bahawalpur,29.39,71.675,552.607,Pakistan
979,Kenitra,34.2704,-6.58,551.786,Morocco
980,Ribeirao Preto,-21.17,-47.83,551.267,Brazil
981,Kanazawa,36.56,136.64,551.249,Japan
982,Orenburg,51.78,55.11,550.204,Russia
983,Malaga,36.7204,-4.42,550.058,Spain
984,Tabuk,28.3838,36.555,547.957,Saudi Arabia
985,Puerto La Cruz,10.17,-64.68,546.616,Venezuela
986,Jiujiang,29.73,115.98,545.616,China
987,Hisar,29.17,75.725,544.829,India
988,Kashgar,39.4763,75.9699,543.914,China
989,Matola,-25.9696,32.46,543.907,Mozambique
990,Bilaspur,22.0904,82.16,543.454,India
991,Sargodha,32.0854,72.675,542.603,Pakistan
992,Leipzig,51.3354,12.41,542.529,Germany
993,Tinnevelly,8.7304,77.69,542.2,India
994,Cancun,21.17,-86.83,542.043,Mexico
995,Yangzhou,32.4,119.43,539.715,China
996,Novokuznetsk,53.75,87.115,539.616,Russia
997,Latakia,35.54,35.78,539.147,Syria
998,Heroica Matamoros,25.88,-97.5,538.785,Mexico
999,Goteborg,57.75,12.0,537.797,Sweden
2783,Papeete,-17.5334,-149.5667,131.695,French Polynesia